Feature,Importance
해결하고싶은과제점수,0.1279905522073165
데이터분석능력,0.1125961836715443
수학지식,0.10770492645963115
머신러닝지식,0.09700709075634066
대인관계능력,0.06892793554327292
딥러닝지식,0.06784666209187992
데이터시각화능력,0.059688678208059634
데이터처리능력,0.056189995726060295
통계학지식,0.05394549918139946
의사소통능력,0.05090590939147473
인공지능모델링능력,0.04938840973917016
자기개발능력,0.04917395699169676
문제해결능력,0.04736577856577595
열정및의지력,0.046384183276362755
알고리즘구현능력,0.0414277937898031
